Multi-class,C,gamma,training time,train accuracy,test accuracy
ovo,1,0.1,67.7850985527,1,0.0094339623
,1,1.00E-03,41.197000742,0.1419885551,0.0314465409
,1,1.00E-05,38.0749781132,0.1140915594,0.0094339623
,1,1,77.1782257557,1,0.0094339623
,1,2,68.2560684681,1,0.0094339623
,100,1.00E-05,44.2510602474,0.1446709585,0.0691823899
,100,1,72.7935628891,1,0.0094339623
,1000,1.00E-06,38.1440265179,0.1448497854,0.0691823899
